<?xml version="1.0" encoding="UTF-8"?>
<beans xmlns="http://www.springframework.org/schema/beans"
	xmlns:xsi="http://www.w3.org/2001/XMLSchema-instance" xmlns:context="http://www.springframework.org/schema/context"
	xmlns:util="http://www.springframework.org/schema/util" xmlns:mvc="http://www.springframework.org/schema/mvc"
	xsi:schemaLocation="http://www.springframework.org/schema/mvc http://www.springframework.org/schema/mvc/spring-mvc-3.2.xsd
  http://www.springframework.org/schema/beans http://www.springframework.org/schema/beans/spring-beans.xsd
  http://www.springframework.org/schema/util http://www.springframework.org/schema/util/spring-util-3.2.xsd
  http://www.springframework.org/schema/context http://www.springframework.org/schema/context/spring-context-3.2.xsd">

	<context:component-scan base-package="controller" />
	<mvc:annotation-driven />

	<bean id="dataSource" class="org.apache.commons.dbcp.BasicDataSource"
		destroy-method="close">
		<property name="driverClassName" value="org.postgresql.Driver" />
		<property name="url" value="jdbc:postgresql://localhost:5432/postgres" />
		<property name="username" value="postgres" />
		<property name="password" value="password" />
	</bean>


	<bean id="sessionFactory"
		class="org.springframework.orm.hibernate4.LocalSessionFactoryBean">
		<property name="dataSource" ref="dataSource" />
		<property name="annotatedClasses">
			<list>
				<value>models.Task</value>
			</list>
		</property>
		<property name="hibernateProperties">
			<props>
				<prop key="hibernate.dialect">org.hibernate.dialect.PostgreSQLDialect</prop>
				<prop key="hibernate.current_session_context_class">thread</prop>
				<prop key="hibernate.show_sql">true</prop>
				<prop key="hibernate.hbm2ddl.auto">create</prop>
			</props>
		</property>
	</bean>

	<bean id="txManager"
		class="org.springframework.orm.hibernate4.HibernateTransactionManager">
		<property name="sessionFactory" ref="sessionFactory" />
	</bean>

	<bean id="persistenceExceptionTranslationPostProcessor"
		class="org.springframework.dao.annotation.PersistenceExceptionTranslationPostProcessor" />

	<bean id="dataDao" class="dao.DataDaoImpl"></bean>
	<bean id="dataServices" class="service.DataServicesImpl"></bean>
</beans>